iso_code,location,date,total_cases,new_cases,new_cases_smoothed,total_deaths,new_deaths,new_deaths_smoothed,total_ cases_per_million,new_cases_per_million,new_cases_smoothed_per_million,total_deaths_per_million,new_deaths_per_million,new_deaths_smoothed_per_million,population,population_density,median_age,aged_65_older,aged_70_older,gdp_per_capita,extreme_poverty,cardiovasc_death_rate,diabetes_prevalence,female_smokers,male_smokers,handwashing_facilities,hospital_beds_per_thousand,life_expectancy
OWID_WRL,World,2019-12-31,27,27,,0,0,,0.003,0.003,,0,0,,7794798729,58.045,30.9,8.696,5.355,15469.207,10,233.07,8.51,6.434,34.635,60.13,2.705,72.58
OWID_WRL,World,2020-01-01,27,0,,0,0,,0.003,0,,0,0,,7794798729,58.045,30.9,8.696,5.355,15469.207,10,233.07,8.51,6.434,34.635,60.13,2.705,72.58
OWID_WRL,World,2020-01-02,27,0,,0,0,,0.003,0,,0,0,,7794798729,58.045,30.9,8.696,5.355,15469.207,10,233.07,8.51,6.434,34.635,60.13,2.705,72.58
OWID_WRL,World,2020-01-03,44,17,,0,0,,0.006,0.002,,0,0,,7794798729,58.045,30.9,8.696,5.355,15469.207,10,233.07,8.51,6.434,34.635,60.13,2.705,72.58
OWID_WRL,World,2020-01-04,44,0,,0,0,,0.006,0,,0,0,,7794798729,58.045,30.9,8.696,5.355,15469.207,10,233.07,8.51,6.434,34.635,60.13,2.705,72.58
OWID_WRL,World,2020-01-05,59,15,,0,0,,0.008,0.002,,0,0,,7794798729,58.045,30.9,8.696,5.355,15469.207,10,233.07,8.51,6.434,34.635,60.13,2.705,72.58
OWID_WRL,World,2020-01-06,59,0,8.429,0,0,0,0.008,0,0.001,0,0,0,7794798729,58.045,30.9,8.696,5.355,15469.207,10,233.07,8.51,6.434,34.635,60.13,2.705,72.58
OWID_WRL,World,2020-01-07,59,0,4.571,0,0,0,0.008,0,0.001,0,0,0,7794798729,58.045,30.9,8.696,5.355,15469.207,10,233.07,8.51,6.434,34.635,60.13,2.705,72.58
OWID_WRL,World,2020-01-08,59,0,4.571,0,0,0,0.008,0,0.001,0,0,0,7794798729,58.045,30.9,8.696,5.355,15469.207,10,233.07,8.51,6.434,34.635,60.13,2.705,72.58
OWID_WRL,World,2020-01-09,59,0,4.571,0,0,0,0.008,0,0.001,0,0,0,7794798729,58.045,30.9,8.696,5.355,15469.207,10,233.07,8.51,6.434,34.635,60.13,2.705,72.58
OWID_WRL,World,2020-01-10,59,0,2.143,0,0,0,0.008,0,0,0,0,0,7794798729,58.045,30.9,8.696,5.355,15469.207,10,233.07,8.51,6.434,34.635,60.13,2.705,72.58
OWID_WRL,World,2020-01-11,59,0,2.143,1,1,0.143,0.008,0,0,0,0,0,7794798729,58.045,30.9,8.696,5.355,15469.207,10,233.07,8.51,6.434,34.635,60.13,2.705,72.58
OWID_WRL,World,2020-01-12,59,0,0,1,0,0.143,0.008,0,0,0,0,0,7794798729,58.045,30.9,8.696,5.355,15469.207,10,233.07,8.51,6.434,34.635,60.13,2.705,72.58
OWID_WRL,World,2020-01-13,60,1,0.143,1,0,0.143,0.008,0,0,0,0,0,7794798729,58.045,30.9,8.696,5.355,15469.207,10,233.07,8.51,6.434,34.635,60.13,2.705,72.58
OWID_WRL,World,2020-01-14,60,0,0.143,1,0,0.143,0.008,0,0,0,0,0,7794798729,58.045,30.9,8.696,5.355,15469.207,10,233.07,8.51,6.434,34.635,60.13,2.705,72.58
OWID_WRL,World,2020-01-15,61,1,0.286,2,1,0.286,0.008,0,0,0,0,0,7794798729,58.045,30.9,8.696,5.355,15469.207,10,233.07,8.51,6.434,34.635,60.13,2.705,72.58
OWID_WRL,World,2020-01-16,61,0,0.286,2,0,0.286,0.008,0,0,0,0,0,7794798729,58.045,30.9,8.696,5.355,15469.207,10,233.07,8.51,6.434,34.635,60.13,2.705,72.58
OWID_WRL,World,2020-01-17,66,5,1,2,0,0.286,0.008,0.001,0,0,0,0,7794798729,58.045,30.9,8.696,5.355,15469.207,10,233.07,8.51,6.434,34.635,60.13,2.705,72.58
OWID_WRL,World,2020-01-18,83,17,3.429,2,0,0.143,0.011,0.002,0,0,0,0,7794798729,58.045,30.9,8.696,5.355,15469.207,10,233.07,8.51,6.434,34.635,60.13,2.705,72.58
OWID_WRL,World,2020-01-19,219,136,22.857,3,1,0.286,0.028,0.017,0.003,0,0,0,7794798729,58.045,30.9,8.696,5.355,15469.207,10,233.07,8.51,6.434,34.635,60.13,2.705,72.58
OWID_WRL,World,2020-01-20,239,20,25.571,3,0,0.286,0.031,0.003,0.003,0,0,0,7794798729,58.045,30.9,8.696,5.355,15469.207,10,233.07,8.51,6.434,34.635,60.13,2.705,72.58
OWID_WRL,World,2020-01-21,392,153,47.429,6,3,0.714,0.05,0.02,0.006,0.001,0,0,7794798729,58.045,30.9,8.696,5.355,15469.207,10,233.07,8.51,6.434,34.635,60.13,2.705,72.58
OWID_WRL,World,2020-01-22,534,142,67.571,17,11,2.143,0.069,0.018,0.009,0.002,0.001,0,7794798729,58.045,30.9,8.696,5.355,15469.207,10,233.07,8.51,6.434,34.635,60.13,2.705,72.58
OWID_WRL,World,2020-01-23,631,97,81.429,17,0,2.143,0.081,0.012,0.01,0.002,0,0,7794798729,58.045,30.9,8.696,5.355,15469.207,10,233.07,8.51,6.434,34.635,60.13,2.705,72.58
OWID_WRL,World,2020-01-24,897,266,118.714,26,9,3.429,0.115,0.034,0.015,0.003,0.001,0,7794798729,58.045,30.9,8.696,5.355,15469.207,10,233.07,8.51,6.434,34.635,60.13,2.705,72.58
OWID_WRL,World,2020-01-25,1350,453,181,41,15,5.571,0.173,0.058,0.023,0.005,0.002,0.001,7794798729,58.045,30.9,8.696,5.355,15469.207,10,233.07,8.51,6.434,34.635,60.13,2.705,72.58
OWID_WRL,World,2020-01-26,2023,673,257.714,56,15,7.571,0.26,0.086,0.033,0.007,0.002,0.001,7794798729,58.045,30.9,8.696,5.355,15469.207,10,233.07,8.51,6.434,34.635,60.13,2.705,72.58
OWID_WRL,World,2020-01-27,2820,797,368.714,81,25,11.143,0.362,0.102,0.047,0.01,0.003,0.001,7794798729,58.045,30.9,8.696,5.355,15469.207,10,233.07,8.51,6.434,34.635,60.13,2.705,72.58
OWID_WRL,World,2020-01-28,4587,1767,599.286,106,25,14.286,0.588,0.227,0.077,0.014,0.003,0.002,7794798729,58.045,30.9,8.696,5.355,15469.207,10,233.07,8.51,6.434,34.635,60.13,2.705,72.58
OWID_WRL,World,2020-01-29,6067,1480,790.429,132,26,16.429,0.778,0.19,0.101,0.017,0.003,0.002,7794798729,58.045,30.9,8.696,5.355,15469.207,10,233.07,8.51,6.434,34.635,60.13,2.705,72.58
OWID_WRL,World,2020-01-30,7823,1756,1027.429,170,38,21.857,1.004,0.225,0.132,0.022,0.005,0.003,7794798729,58.045,30.9,8.696,5.355,15469.207,10,233.07,8.51,6.434,34.635,60.13,2.705,72.58
OWID_WRL,World,2020-01-31,9824,2001,1275.286,213,43,26.714,1.26,0.257,0.164,0.027,0.006,0.003,7794798729,58.045,30.9,8.696,5.355,15469.207,10,233.07,8.51,6.434,34.635,60.13,2.705,72.58
OWID_WRL,World,2020-02-01,11946,2122,1513.714,259,46,31.143,1.533,0.272,0.194,0.033,0.006,0.004,7794798729,58.045,30.9,8.696,5.355,15469.207,10,233.07,8.51,6.434,34.635,60.13,2.705,72.58
OWID_WRL,World,2020-02-02,14554,2608,1790.143,305,46,35.571,1.867,0.335,0.23,0.039,0.006,0.005,7794798729,58.045,30.9,8.696,5.355,15469.207,10,233.07,8.51,6.434,34.635,60.13,2.705,72.58
OWID_WRL,World,2020-02-03,17372,2818,2078.857,362,57,40.143,2.229,0.362,0.267,0.046,0.007,0.005,7794798729,58.045,30.9,8.696,5.355,15469.207,10,233.07,8.51,6.434,34.635,60.13,2.705,72.58
OWID_WRL,World,2020-02-04,20615,3243,2289.714,427,65,45.857,2.645,0.416,0.294,0.055,0.008,0.006,7794798729,58.045,30.9,8.696,5.355,15469.207,10,233.07,8.51,6.434,34.635,60.13,2.705,72.58
OWID_WRL,World,2020-02-05,24523,3908,2636.571,493,66,51.571,3.146,0.501,0.338,0.063,0.008,0.007,7794798729,58.045,30.9,8.696,5.355,15469.207,10,233.07,8.51,6.434,34.635,60.13,2.705,72.58
OWID_WRL,World,2020-02-06,28274,3751,2921.571,565,72,56.429,3.627,0.481,0.375,0.072,0.009,0.007,7794798729,58.045,30.9,8.696,5.355,15469.207,10,233.07,8.51,6.434,34.635,60.13,2.705,72.58
OWID_WRL,World,2020-02-07,31492,3218,3095.429,638,73,60.714,4.04,0.413,0.397,0.082,0.009,0.008,7794798729,58.045,30.9,8.696,5.355,15469.207,10,233.07,8.51,6.434,34.635,60.13,2.705,72.58
OWID_WRL,World,2020-02-08,34934,3442,3284,724,86,66.429,4.482,0.442,0.421,0.093,0.011,0.009,7794798729,58.045,30.9,8.696,5.355,15469.207,10,233.07,8.51,6.434,34.635,60.13,2.705,72.58
OWID_WRL,World,2020-02-09,37552,2618,3285.429,813,89,72.571,4.818,0.336,0.421,0.104,0.011,0.009,7794798729,58.045,30.9,8.696,5.355,15469.207,10,233.07,8.51,6.434,34.635,60.13,2.705,72.58
OWID_WRL,World,2020-02-10,40544,2992,3310.286,910,97,78.286,5.201,0.384,0.425,0.117,0.012,0.01,7794798729,58.045,30.9,8.696,5.355,15469.207,10,233.07,8.51,6.434,34.635,60.13,2.705,72.58
OWID_WRL,World,2020-02-11,43106,2562,3213,1018,108,84.429,5.53,0.329,0.412,0.131,0.014,0.011,7794798729,58.045,30.9,8.696,5.355,15469.207,10,233.07,8.51,6.434,34.635,60.13,2.705,72.58
OWID_WRL,World,2020-02-12,45178,2072,2950.714,1115,97,88.857,5.796,0.266,0.379,0.143,0.012,0.011,7794798729,58.045,30.9,8.696,5.355,15469.207,10,233.07,8.51,6.434,34.635,60.13,2.705,72.58
OWID_WRL,World,2020-02-13,60329,15151,4579.286,1370,255,115,7.74,1.944,0.587,0.176,0.033,0.015,7794798729,58.045,30.9,8.696,5.355,15469.207,10,233.07,8.51,6.434,34.635,60.13,2.705,72.58
OWID_WRL,World,2020-02-14,64544,4215,4721.714,1383,13,106.429,8.28,0.541,0.606,0.177,0.002,0.014,7794798729,58.045,30.9,8.696,5.355,15469.207,10,233.07,8.51,6.434,34.635,60.13,2.705,72.58
OWID_WRL,World,2020-02-15,67104,2560,4595.714,1527,144,114.714,8.609,0.328,0.59,0.196,0.018,0.015,7794798729,58.045,30.9,8.696,5.355,15469.207,10,233.07,8.51,6.434,34.635,60.13,2.705,72.58
OWID_WRL,World,2020-02-16,69266,2162,4530.571,1669,142,122.286,8.886,0.277,0.581,0.214,0.018,0.016,7794798729,58.045,30.9,8.696,5.355,15469.207,10,233.07,8.51,6.434,34.635,60.13,2.705,72.58
OWID_WRL,World,2020-02-17,71333,2067,4398.429,1775,106,123.571,9.151,0.265,0.564,0.228,0.014,0.016,7794798729,58.045,30.9,8.696,5.355,15469.207,10,233.07,8.51,6.434,34.635,60.13,2.705,72.58
OWID_WRL,World,2020-02-18,73328,1995,4317.429,1873,98,122.143,9.407,0.256,0.554,0.24,0.013,0.016,7794798729,58.045,30.9,8.696,5.355,15469.207,10,233.07,8.51,6.434,34.635,60.13,2.705,72.58
OWID_WRL,World,2020-02-19,75192,1864,4287.714,2012,139,128.143,9.646,0.239,0.55,0.258,0.018,0.016,7794798729,58.045,30.9,8.696,5.355,15469.207,10,233.07,8.51,6.434,34.635,60.13,2.705,72.58
OWID_WRL,World,2020-02-20,75724,532,2199.286,2128,116,108.286,9.715,0.068,0.282,0.273,0.015,0.014,7794798729,58.045,30.9,8.696,5.355,15469.207,10,233.07,8.51,6.434,34.635,60.13,2.705,72.58
OWID_WRL,World,2020-02-21,76720,996,1739.429,2247,119,123.429,9.842,0.128,0.223,0.288,0.015,0.016,7794798729,58.045,30.9,8.696,5.355,15469.207,10,233.07,8.51,6.434,34.635,60.13,2.705,72.58
OWID_WRL,World,2020-02-22,77805,1085,1528.714,2359,112,118.857,9.982,0.139,0.196,0.303,0.014,0.015,7794798729,58.045,30.9,8.696,5.355,15469.207,10,233.07,8.51,6.434,34.635,60.13,2.705,72.58
OWID_WRL,World,2020-02-23,78814,1009,1364,2463,104,113.429,10.111,0.129,0.175,0.316,0.013,0.015,7794798729,58.045,30.9,8.696,5.355,15469.207,10,233.07,8.51,6.434,34.635,60.13,2.705,72.58
OWID_WRL,World,2020-02-24,79337,523,1143.429,2619,156,120.571,10.178,0.067,0.147,0.336,0.02,0.015,7794798729,58.045,30.9,8.696,5.355,15469.207,10,233.07,8.51,6.434,34.635,60.13,2.705,72.58
OWID_WRL,World,2020-02-25,80130,793,971.714,2698,79,117.857,10.28,0.102,0.125,0.346,0.01,0.015,7794798729,58.045,30.9,8.696,5.355,15469.207,10,233.07,8.51,6.434,34.635,60.13,2.705,72.58
OWID_WRL,World,2020-02-26,80997,867,829.286,2762,64,107.143,10.391,0.111,0.106,0.354,0.008,0.014,7794798729,58.045,30.9,8.696,5.355,15469.207,10,233.07,8.51,6.434,34.635,60.13,2.705,72.58
OWID_WRL,World,2020-02-27,82111,1114,912.429,2800,38,96,10.534,0.143,0.117,0.359,0.005,0.012,7794798729,58.045,30.9,8.696,5.355,15469.207,10,233.07,8.51,6.434,34.635,60.13,2.705,72.58
OWID_WRL,World,2020-02-28,83377,1266,951,2857,57,87.143,10.696,0.162,0.122,0.367,0.007,0.011,7794798729,58.045,30.9,8.696,5.355,15469.207,10,233.07,8.51,6.434,34.635,60.13,2.705,72.58
OWID_WRL,World,2020-02-29,85236,1859,1061.571,2921,64,80.286,10.935,0.238,0.136,0.375,0.008,0.01,7794798729,58.045,30.9,8.696,5.355,15469.207,10,233.07,8.51,6.434,34.635,60.13,2.705,72.58
OWID_WRL,World,2020-03-01,87062,1826,1178.286,2979,58,73.714,11.169,0.234,0.151,0.382,0.007,0.009,7794798729,58.045,30.9,8.696,5.355,15469.207,10,233.07,8.51,6.434,34.635,60.13,2.705,72.58
OWID_WRL,World,2020-03-02,89149,2087,1401.714,3046,67,61,11.437,0.268,0.18,0.391,0.009,0.008,7794798729,58.045,30.9,8.696,5.355,15469.207,10,233.07,8.51,6.434,34.635,60.13,2.705,72.58
OWID_WRL,World,2020-03-03,91006,1857,1553.714,3118,72,60,11.675,0.238,0.199,0.4,0.009,0.008,7794798729,58.045,30.9,8.696,5.355,15469.207,10,233.07,8.51,6.434,34.635,60.13,2.705,72.58
OWID_WRL,World,2020-03-04,93318,2312,1760.143,3202,84,62.857,11.972,0.297,0.226,0.411,0.011,0.008,7794798729,58.045,30.9,8.696,5.355,15469.207,10,233.07,8.51,6.434,34.635,60.13,2.705,72.58
OWID_WRL,World,2020-03-05,95672,2354,1937.286,3282,80,68.857,12.274,0.302,0.249,0.421,0.01,0.009,7794798729,58.045,30.9,8.696,5.355,15469.207,10,233.07,8.51,6.434,34.635,60.13,2.705,72.58
OWID_WRL,World,2020-03-06,98730,3058,2193.286,3384,102,75.286,12.666,0.392,0.281,0.434,0.013,0.01,7794798729,58.045,30.9,8.696,5.355,15469.207,10,233.07,8.51,6.434,34.635,60.13,2.705,72.58
OWID_WRL,World,2020-03-07,102850,4120,2516.286,3488,104,81,13.195,0.529,0.323,0.447,0.013,0.01,7794798729,58.045,30.9,8.696,5.355,15469.207,10,233.07,8.51,6.434,34.635,60.13,2.705,72.58
OWID_WRL,World,2020-03-08,106827,3977,2823.571,3585,97,86.571,13.705,0.51,0.362,0.46,0.012,0.011,7794798729,58.045,30.9,8.696,5.355,15469.207,10,233.07,8.51,6.434,34.635,60.13,2.705,72.58
OWID_WRL,World,2020-03-09,111004,4177,3122.143,3813,228,109.571,14.241,0.536,0.401,0.489,0.029,0.014,7794798729,58.045,30.9,8.696,5.355,15469.207,10,233.07,8.51,6.434,34.635,60.13,2.705,72.58
OWID_WRL,World,2020-03-10,115820,4816,3544.857,4021,208,129,14.859,0.618,0.455,0.516,0.027,0.017,7794798729,58.045,30.9,8.696,5.355,15469.207,10,233.07,8.51,6.434,34.635,60.13,2.705,72.58
OWID_WRL,World,2020-03-11,120927,5107,3944.143,4294,273,156,15.514,0.655,0.506,0.551,0.035,0.02,7794798729,58.045,30.9,8.696,5.355,15469.207,10,233.07,8.51,6.434,34.635,60.13,2.705,72.58
OWID_WRL,World,2020-03-12,128825,7898,4736.143,4625,331,191.857,16.527,1.013,0.608,0.593,0.042,0.025,7794798729,58.045,30.9,8.696,5.355,15469.207,10,233.07,8.51,6.434,34.635,60.13,2.705,72.58
OWID_WRL,World,2020-03-13,138276,9451,5649.429,4975,350,227.286,17.74,1.212,0.725,0.638,0.045,0.029,7794798729,58.045,30.9,8.696,5.355,15469.207,10,233.07,8.51,6.434,34.635,60.13,2.705,72.58
OWID_WRL,World,2020-03-14,148680,10404,6547.143,5418,443,275.714,19.074,1.335,0.84,0.695,0.057,0.035,7794798729,58.045,30.9,8.696,5.355,15469.207,10,233.07,8.51,6.434,34.635,60.13,2.705,72.58
OWID_WRL,World,2020-03-15,160845,12165,7716.857,5785,367,314.286,20.635,1.561,0.99,0.742,0.047,0.04,7794798729,58.045,30.9,8.696,5.355,15469.207,10,233.07,8.51,6.434,34.635,60.13,2.705,72.58
OWID_WRL,World,2020-03-16,173300,12455,8899.429,6536,751,389,22.233,1.598,1.142,0.839,0.096,0.05,7794798729,58.045,30.9,8.696,5.355,15469.207,10,233.07,8.51,6.434,34.635,60.13,2.705,72.58
OWID_WRL,World,2020-03-17,187501,14201,10240.143,7142,606,445.857,24.055,1.822,1.314,0.916,0.078,0.057,7794798729,58.045,30.9,8.696,5.355,15469.207,10,233.07,8.51,6.434,34.635,60.13,2.705,72.58
OWID_WRL,World,2020-03-18,204507,17006,11940,7953,811,522.714,26.236,2.182,1.532,1.02,0.104,0.067,7794798729,58.045,30.9,8.696,5.355,15469.207,10,233.07,8.51,6.434,34.635,60.13,2.705,72.58
OWID_WRL,World,2020-03-19,224721,20214,13699.429,8916,963,613,28.83,2.593,1.758,1.144,0.124,0.079,7794798729,58.045,30.9,8.696,5.355,15469.207,10,233.07,8.51,6.434,34.635,60.13,2.705,72.58
OWID_WRL,World,2020-03-20,255815,31094,16791.286,9991,1075,716.571,32.819,3.989,2.154,1.282,0.138,0.092,7794798729,58.045,30.9,8.696,5.355,15469.207,10,233.07,8.51,6.434,34.635,60.13,2.705,72.58
OWID_WRL,World,2020-03-21,287724,31909,19863.429,11378,1387,851.429,36.912,4.094,2.548,1.46,0.178,0.109,7794798729,58.045,30.9,8.696,5.355,15469.207,10,233.07,8.51,6.434,34.635,60.13,2.705,72.58
OWID_WRL,World,2020-03-22,321931,34207,23012.286,13094,1716,1044.143,41.301,4.388,2.952,1.68,0.22,0.134,7794798729,58.045,30.9,8.696,5.355,15469.207,10,233.07,8.51,6.434,34.635,60.13,2.705,72.58
OWID_WRL,World,2020-03-23,356288,34357,26141.143,14785,1691,1178.429,45.708,4.408,3.354,1.897,0.217,0.151,7794798729,58.045,30.9,8.696,5.355,15469.207,10,233.07,8.51,6.434,34.635,60.13,2.705,72.58
OWID_WRL,World,2020-03-24,400703,44415,30457.429,16639,1854,1356.714,51.406,5.698,3.907,2.135,0.238,0.174,7794798729,58.045,30.9,8.696,5.355,15469.207,10,233.07,8.51,6.434,34.635,60.13,2.705,72.58
OWID_WRL,World,2020-03-25,443089,42386,34083.143,18954,2315,1571.571,56.844,5.438,4.373,2.432,0.297,0.202,7794798729,58.045,30.9,8.696,5.355,15469.207,10,233.07,8.51,6.434,34.635,60.13,2.705,72.58
OWID_WRL,World,2020-03-26,496839,53750,38874,21599,2645,1811.857,63.74,6.896,4.987,2.771,0.339,0.232,7794798729,58.045,30.9,8.696,5.355,15469.207,10,233.07,8.51,6.434,34.635,60.13,2.705,72.58
OWID_WRL,World,2020-03-27,557855,61016,43148.571,24413,2814,2060.286,71.568,7.828,5.536,3.132,0.361,0.264,7794798729,58.045,30.9,8.696,5.355,15469.207,10,233.07,8.51,6.434,34.635,60.13,2.705,72.58
OWID_WRL,World,2020-03-28,622950,65095,47889.429,27905,3492,2361,79.919,8.351,6.144,3.58,0.448,0.303,7794798729,58.045,30.9,8.696,5.355,15469.207,10,233.07,8.51,6.434,34.635,60.13,2.705,72.58
OWID_WRL,World,2020-03-29,685764,62814,51976.143,31495,3590,2628.714,87.977,8.058,6.668,4.041,0.461,0.337,7794798729,58.045,30.9,8.696,5.355,15469.207,10,233.07,8.51,6.434,34.635,60.13,2.705,72.58
OWID_WRL,World,2020-03-30,743127,57363,55262.714,34726,3231,2848.714,95.336,7.359,7.09,4.455,0.415,0.365,7794798729,58.045,30.9,8.696,5.355,15469.207,10,233.07,8.51,6.434,34.635,60.13,2.705,72.58
OWID_WRL,World,2020-03-31,807615,64488,58130.286,38719,3993,3154.286,103.609,8.273,7.458,4.967,0.512,0.405,7794798729,58.045,30.9,8.696,5.355,15469.207,10,233.07,8.51,6.434,34.635,60.13,2.705,72.58
OWID_WRL,World,2020-04-01,882289,74674,62742.857,43396,4677,3491.714,113.189,9.58,8.049,5.567,0.6,0.448,7794798729,58.045,30.9,8.696,5.355,15469.207,10,233.07,8.51,6.434,34.635,60.13,2.705,72.58
OWID_WRL,World,2020-04-02,959762,77473,66131.857,48411,5015,3830.286,123.129,9.939,8.484,6.211,0.643,0.491,7794798729,58.045,30.9,8.696,5.355,15469.207,10,233.07,8.51,6.434,34.635,60.13,2.705,72.58
OWID_WRL,World,2020-04-03,1037220,77458,68480.714,53437,5026,4146.286,133.066,9.937,8.785,6.855,0.645,0.532,7794798729,58.045,30.9,8.696,5.355,15469.207,10,233.07,8.51,6.434,34.635,60.13,2.705,72.58
OWID_WRL,World,2020-04-04,1119050,81830,70871.429,60223,6786,4616.857,143.564,10.498,9.092,7.726,0.871,0.592,7794798729,58.045,30.9,8.696,5.355,15469.207,10,233.07,8.51,6.434,34.635,60.13,2.705,72.58
OWID_WRL,World,2020-04-05,1204293,85243,74075.571,66521,6298,5003.714,154.5,10.936,9.503,8.534,0.808,0.642,7794798729,58.045,30.9,8.696,5.355,15469.207,10,233.07,8.51,6.434,34.635,60.13,2.705,72.58
OWID_WRL,World,2020-04-06,1270569,66276,75348.857,71292,4771,5223.714,163.002,8.503,9.667,9.146,0.612,0.67,7794798729,58.045,30.9,8.696,5.355,15469.207,10,233.07,8.51,6.434,34.635,60.13,2.705,72.58
OWID_WRL,World,2020-04-07,1343557,72988,76563.143,76637,5345,5416.857,172.366,9.364,9.822,9.832,0.686,0.695,7794798729,58.045,30.9,8.696,5.355,15469.207,10,233.07,8.51,6.434,34.635,60.13,2.705,72.58
OWID_WRL,World,2020-04-08,1420824,77267,76933.571,84213,7576,5831,182.278,9.913,9.87,10.804,0.972,0.748,7794798729,58.045,30.9,8.696,5.355,15469.207,10,233.07,8.51,6.434,34.635,60.13,2.705,72.58
OWID_WRL,World,2020-04-09,1505744,84920,77997.429,90783,6570,6053.143,193.173,10.894,10.006,11.647,0.843,0.777,7794798729,58.045,30.9,8.696,5.355,15469.207,10,233.07,8.51,6.434,34.635,60.13,2.705,72.58
OWID_WRL,World,2020-04-10,1593008,87264,79398.286,98207,7424,6395.714,204.368,11.195,10.186,12.599,0.952,0.821,7794798729,58.045,30.9,8.696,5.355,15469.207,10,233.07,8.51,6.434,34.635,60.13,2.705,72.58
OWID_WRL,World,2020-04-11,1682520,89512,80495.714,105223,7016,6428.571,215.852,11.484,10.327,13.499,0.9,0.825,7794798729,58.045,30.9,8.696,5.355,15469.207,10,233.07,8.51,6.434,34.635,60.13,2.705,72.58
OWID_WRL,World,2020-04-12,1757834,75314,79077.286,111288,6065,6395.286,225.514,9.662,10.145,14.277,0.778,0.82,7794798729,58.045,30.9,8.696,5.355,15469.207,10,233.07,8.51,6.434,34.635,60.13,2.705,72.58
OWID_WRL,World,2020-04-13,1826362,68528,79399,116623,5335,6475.857,234.305,8.792,10.186,14.962,0.684,0.831,7794798729,58.045,30.9,8.696,5.355,15469.207,10,233.07,8.51,6.434,34.635,60.13,2.705,72.58
OWID_WRL,World,2020-04-14,1891082,64720,78217.857,122014,5391,6482.429,242.608,8.303,10.035,15.653,0.692,0.832,7794798729,58.045,30.9,8.696,5.355,15469.207,10,233.07,8.51,6.434,34.635,60.13,2.705,72.58
OWID_WRL,World,2020-04-15,1967578,76496,78107.714,129632,7618,6488.429,252.422,9.814,10.02,16.631,0.977,0.832,7794798729,58.045,30.9,8.696,5.355,15469.207,10,233.07,8.51,6.434,34.635,60.13,2.705,72.58
OWID_WRL,World,2020-04-16,2045926,78348,77168.857,140123,10491,7048.571,262.473,10.051,9.9,17.976,1.346,0.904,7794798729,58.045,30.9,8.696,5.355,15469.207,10,233.07,8.51,6.434,34.635,60.13,2.705,72.58
OWID_WRL,World,2020-04-17,2129867,83941,76694.143,148650,8527,7206.143,273.242,10.769,9.839,19.07,1.094,0.924,7794798729,58.045,30.9,8.696,5.355,15469.207,10,233.07,8.51,6.434,34.635,60.13,2.705,72.58
OWID_WRL,World,2020-04-18,2211646,81779,75589.429,157112,8462,7412.714,283.734,10.491,9.697,20.156,1.086,0.951,7794798729,58.045,30.9,8.696,5.355,15469.207,10,233.07,8.51,6.434,34.635,60.13,2.705,72.58
OWID_WRL,World,2020-04-19,2291209,79563,76196.429,163485,6373,7456.714,293.941,10.207,9.775,20.974,0.818,0.957,7794798729,58.045,30.9,8.696,5.355,15469.207,10,233.07,8.51,6.434,34.635,60.13,2.705,72.58
OWID_WRL,World,2020-04-20,2361771,70562,76487,168474,4989,7407.286,302.993,9.052,9.813,21.614,0.64,0.95,7794798729,58.045,30.9,8.696,5.355,15469.207,10,233.07,8.51,6.434,34.635,60.13,2.705,72.58
OWID_WRL,World,2020-04-21,2435506,73735,77774.857,173923,5449,7415.571,312.453,9.46,9.978,22.313,0.699,0.951,7794798729,58.045,30.9,8.696,5.355,15469.207,10,233.07,8.51,6.434,34.635,60.13,2.705,72.58
OWID_WRL,World,2020-04-22,2522171,86665,79227.571,181166,7243,7362,323.571,11.118,10.164,23.242,0.929,0.944,7794798729,58.045,30.9,8.696,5.355,15469.207,10,233.07,8.51,6.434,34.635,60.13,2.705,72.58
OWID_WRL,World,2020-04-23,2588515,66344,77512.714,187101,5935,6711.143,332.082,8.511,9.944,24.003,0.761,0.861,7794798729,58.045,30.9,8.696,5.355,15469.207,10,233.07,8.51,6.434,34.635,60.13,2.705,72.58
OWID_WRL,World,2020-04-24,2667000,78485,76733.286,194436,7335,6540.857,342.151,10.069,9.844,24.944,0.941,0.839,7794798729,58.045,30.9,8.696,5.355,15469.207,10,233.07,8.51,6.434,34.635,60.13,2.705,72.58
OWID_WRL,World,2020-04-25,2739792,72792,75449.429,199795,5359,6097.571,351.49,9.339,9.679,25.632,0.688,0.782,7794798729,58.045,30.9,8.696,5.355,15469.207,10,233.07,8.51,6.434,34.635,60.13,2.705,72.58
OWID_WRL,World,2020-04-26,2839574,99782,78337.857,205955,6160,6067.143,364.291,12.801,10.05,26.422,0.79,0.778,7794798729,58.045,30.9,8.696,5.355,15469.207,10,233.07,8.51,6.434,34.635,60.13,2.705,72.58
OWID_WRL,World,2020-04-27,2921251,81677,79925.714,209869,3914,5913.571,374.769,10.478,10.254,26.924,0.502,0.759,7794798729,58.045,30.9,8.696,5.355,15469.207,10,233.07,8.51,6.434,34.635,60.13,2.705,72.58
OWID_WRL,World,2020-04-28,2987071,65820,78795,214767,4898,5834.857,383.213,8.444,10.109,27.553,0.628,0.749,7794798729,58.045,30.9,8.696,5.355,15469.207,10,233.07,8.51,6.434,34.635,60.13,2.705,72.58
OWID_WRL,World,2020-04-29,3059325,72254,76736.286,221332,6565,5738,392.483,9.27,9.845,28.395,0.842,0.736,7794798729,58.045,30.9,8.696,5.355,15469.207,10,233.07,8.51,6.434,34.635,60.13,2.705,72.58
OWID_WRL,World,2020-04-30,3138127,78802,78516,227895,6563,5827.714,402.592,10.11,10.073,29.237,0.842,0.748,7794798729,58.045,30.9,8.696,5.355,15469.207,10,233.07,8.51,6.434,34.635,60.13,2.705,72.58
OWID_WRL,World,2020-05-01,3223460,85333,79494.286,233545,5650,5587,413.54,10.947,10.198,29.962,0.725,0.717,7794798729,58.045,30.9,8.696,5.355,15469.207,10,233.07,8.51,6.434,34.635,60.13,2.705,72.58
OWID_WRL,World,2020-05-02,3312127,88667,81762.143,239122,5577,5618.143,424.915,11.375,10.489,30.677,0.715,0.721,7794798729,58.045,30.9,8.696,5.355,15469.207,10,233.07,8.51,6.434,34.635,60.13,2.705,72.58
OWID_WRL,World,2020-05-03,3392755,80628,79025.857,243930,4808,5425,435.259,10.344,10.138,31.294,0.617,0.696,7794798729,58.045,30.9,8.696,5.355,15469.207,10,233.07,8.51,6.434,34.635,60.13,2.705,72.58
OWID_WRL,World,2020-05-04,3469920,77165,78381.286,247636,3706,5395.286,445.158,9.9,10.056,31.769,0.475,0.692,7794798729,58.045,30.9,8.696,5.355,15469.207,10,233.07,8.51,6.434,34.635,60.13,2.705,72.58
OWID_WRL,World,2020-05-05,3546456,76536,79912.143,251622,3986,5265,454.977,9.819,10.252,32.281,0.511,0.675,7794798729,58.045,30.9,8.696,5.355,15469.207,10,233.07,8.51,6.434,34.635,60.13,2.705,72.58
OWID_WRL,World,2020-05-06,3625139,78683,80830.571,257579,5957,5178.143,465.072,10.094,10.37,33.045,0.764,0.664,7794798729,58.045,30.9,8.696,5.355,15469.207,10,233.07,8.51,6.434,34.635,60.13,2.705,72.58
OWID_WRL,World,2020-05-07,3712696,87557,82081.286,263703,6124,5115.429,476.304,11.233,10.53,33.831,0.786,0.656,7794798729,58.045,30.9,8.696,5.355,15469.207,10,233.07,8.51,6.434,34.635,60.13,2.705,72.58
OWID_WRL,World,2020-05-08,3805120,92424,83094.286,269345,5642,5114.286,488.161,11.857,10.66,34.554,0.724,0.656,7794798729,58.045,30.9,8.696,5.355,15469.207,10,233.07,8.51,6.434,34.635,60.13,2.705,72.58
OWID_WRL,World,2020-05-09,3894331,89211,83172,274457,5112,5047.857,499.606,11.445,10.67,35.21,0.656,0.648,7794798729,58.045,30.9,8.696,5.355,15469.207,10,233.07,8.51,6.434,34.635,60.13,2.705,72.58
OWID_WRL,World,2020-05-10,3983174,88843,84345.571,278864,4407,4990.571,511.004,11.398,10.821,35.776,0.565,0.64,7794798729,58.045,30.9,8.696,5.355,15469.207,10,233.07,8.51,6.434,34.635,60.13,2.705,72.58
OWID_WRL,World,2020-05-11,4057868,74694,83992.571,282291,3427,4950.714,520.587,9.583,10.775,36.215,0.44,0.635,7794798729,58.045,30.9,8.696,5.355,15469.207,10,233.07,8.51,6.434,34.635,60.13,2.705,72.58
OWID_WRL,World,2020-05-12,4127602,69734,83020.857,285880,3589,4894,529.533,8.946,10.651,36.676,0.46,0.628,7794798729,58.045,30.9,8.696,5.355,15469.207,10,233.07,8.51,6.434,34.635,60.13,2.705,72.58
OWID_WRL,World,2020-05-13,4213815,86213,84096.571,291637,5757,4865.429,540.593,11.06,10.789,37.414,0.739,0.624,7794798729,58.045,30.9,8.696,5.355,15469.207,10,233.07,8.51,6.434,34.635,60.13,2.705,72.58
OWID_WRL,World,2020-05-14,4300072,86257,83910.857,296655,5018,4707.429,551.659,11.066,10.765,38.058,0.644,0.604,7794798729,58.045,30.9,8.696,5.355,15469.207,10,233.07,8.51,6.434,34.635,60.13,2.705,72.58
OWID_WRL,World,2020-05-15,4396615,96543,84499.286,301911,5256,4652.286,564.045,12.386,10.84,38.732,0.674,0.597,7794798729,58.045,30.9,8.696,5.355,15469.207,10,233.07,8.51,6.434,34.635,60.13,2.705,72.58
OWID_WRL,World,2020-05-16,4493834,97219,85643.286,306970,5059,4644.714,576.517,12.472,10.987,39.381,0.649,0.596,7794798729,58.045,30.9,8.696,5.355,15469.207,10,233.07,8.51,6.434,34.635,60.13,2.705,72.58
OWID_WRL,World,2020-05-17,4586769,92935,86227.857,311195,4225,4618.714,588.44,11.923,11.062,39.923,0.542,0.593,7794798729,58.045,30.9,8.696,5.355,15469.207,10,233.07,8.51,6.434,34.635,60.13,2.705,72.58
OWID_WRL,World,2020-05-18,4666272,79503,86914.857,314093,2898,4543.143,598.639,10.199,11.15,40.295,0.372,0.583,7794798729,58.045,30.9,8.696,5.355,15469.207,10,233.07,8.51,6.434,34.635,60.13,2.705,72.58
OWID_WRL,World,2020-05-19,4752639,86367,89291,317393,3300,4501.857,609.719,11.08,11.455,40.719,0.423,0.578,7794798729,58.045,30.9,8.696,5.355,15469.207,10,233.07,8.51,6.434,34.635,60.13,2.705,72.58
OWID_WRL,World,2020-05-20,4848183,95544,90624,322577,5184,4420,621.977,12.257,11.626,41.384,0.665,0.567,7794798729,58.045,30.9,8.696,5.355,15469.207,10,233.07,8.51,6.434,34.635,60.13,2.705,72.58
OWID_WRL,World,2020-05-21,4951510,103327,93062.571,327296,4719,4377.286,635.233,13.256,11.939,41.989,0.605,0.562,7794798729,58.045,30.9,8.696,5.355,15469.207,10,233.07,8.51,6.434,34.635,60.13,2.705,72.58
OWID_WRL,World,2020-05-22,5059290,107780,94667.857,332686,5390,4396.429,649.06,13.827,12.145,42.681,0.691,0.564,7794798729,58.045,30.9,8.696,5.355,15469.207,10,233.07,8.51,6.434,34.635,60.13,2.705,72.58
OWID_WRL,World,2020-05-23,5165090,105800,95893.714,337332,4646,4337.429,662.633,13.573,12.302,43.277,0.596,0.556,7794798729,58.045,30.9,8.696,5.355,15469.207,10,233.07,8.51,6.434,34.635,60.13,2.705,72.58
OWID_WRL,World,2020-05-24,5265117,100027,96906.857,341249,3917,4293.429,675.465,12.833,12.432,43.779,0.503,0.551,7794798729,58.045,30.9,8.696,5.355,15469.207,10,233.07,8.51,6.434,34.635,60.13,2.705,72.58
OWID_WRL,World,2020-05-25,5358272,93155,98857.143,342355,1106,4037.429,687.416,11.951,12.682,43.921,0.142,0.518,7794798729,58.045,30.9,8.696,5.355,15469.207,10,233.07,8.51,6.434,34.635,60.13,2.705,72.58
OWID_WRL,World,2020-05-26,5447115,88843,99210.857,345723,3368,4047.143,698.814,11.398,12.728,44.353,0.432,0.519,7794798729,58.045,30.9,8.696,5.355,15469.207,10,233.07,8.51,6.434,34.635,60.13,2.705,72.58
OWID_WRL,World,2020-05-27,5540896,93781,98959,349594,3871,3859.571,710.845,12.031,12.696,44.85,0.497,0.495,7794798729,58.045,30.9,8.696,5.355,15469.207,10,233.07,8.51,6.434,34.635,60.13,2.705,72.58
OWID_WRL,World,2020-05-28,5643715,102819,98886.429,354737,5143,3920.143,724.036,13.191,12.686,45.509,0.66,0.503,7794798729,58.045,30.9,8.696,5.355,15469.207,10,233.07,8.51,6.434,34.635,60.13,2.705,72.58
OWID_WRL,World,2020-05-29,5762221,118506,100418.714,359379,4642,3813.286,739.239,15.203,12.883,46.105,0.596,0.489,7794798729,58.045,30.9,8.696,5.355,15469.207,10,233.07,8.51,6.434,34.635,60.13,2.705,72.58
OWID_WRL,World,2020-05-30,5884290,122069,102742.857,364032,4653,3814.286,754.9,15.66,13.181,46.702,0.597,0.489,7794798729,58.045,30.9,8.696,5.355,15469.207,10,233.07,8.51,6.434,34.635,60.13,2.705,72.58
OWID_WRL,World,2020-05-31,6012228,127938,106730.143,368044,4012,3827.857,771.313,16.413,13.692,47.217,0.515,0.491,7794798729,58.045,30.9,8.696,5.355,15469.207,10,233.07,8.51,6.434,34.635,60.13,2.705,72.58
OWID_WRL,World,2020-06-01,6118944,106716,108667.429,370957,2913,4086,785.003,13.691,13.941,47.59,0.374,0.524,7794798729,58.045,30.9,8.696,5.355,15469.207,10,233.07,8.51,6.434,34.635,60.13,2.705,72.58
OWID_WRL,World,2020-06-02,6219238,100294,110303.286,374103,3146,4054.286,797.87,12.867,14.151,47.994,0.404,0.52,7794798729,58.045,30.9,8.696,5.355,15469.207,10,233.07,8.51,6.434,34.635,60.13,2.705,72.58
OWID_WRL,World,2020-06-03,6331625,112387,112961.286,378648,4545,4150.571,812.288,14.418,14.492,48.577,0.583,0.532,7794798729,58.045,30.9,8.696,5.355,15469.207,10,233.07,8.51,6.434,34.635,60.13,2.705,72.58
OWID_WRL,World,2020-06-04,6457137,125512,116203.143,384162,5514,4203.571,828.39,16.102,14.908,49.284,0.707,0.539,7794798729,58.045,30.9,8.696,5.355,15469.207,10,233.07,8.51,6.434,34.635,60.13,2.705,72.58
OWID_WRL,World,2020-06-05,6584061,126924,117405.714,389294,5132,4273.571,844.674,16.283,15.062,49.943,0.658,0.548,7794798729,58.045,30.9,8.696,5.355,15469.207,10,233.07,8.51,6.434,34.635,60.13,2.705,72.58
OWID_WRL,World,2020-06-06,6717251,133190,118994.429,393934,4640,4271.714,861.761,17.087,15.266,50.538,0.595,0.548,7794798729,58.045,30.9,8.696,5.355,15469.207,10,233.07,8.51,6.434,34.635,60.13,2.705,72.58
OWID_WRL,World,2020-06-07,6843248,125997,118717.143,397723,3789,4239.857,877.925,16.164,15.23,51.024,0.486,0.544,7794798729,58.045,30.9,8.696,5.355,15469.207,10,233.07,8.51,6.434,34.635,60.13,2.705,72.58
OWID_WRL,World,2020-06-08,6958077,114829,119876.143,401234,3511,4325.286,892.656,14.731,15.379,51.475,0.45,0.555,7794798729,58.045,30.9,8.696,5.355,15469.207,10,233.07,8.51,6.434,34.635,60.13,2.705,72.58
OWID_WRL,World,2020-06-09,7063698,105621,120637.143,404448,3214,4335,906.207,13.55,15.477,51.887,0.412,0.556,7794798729,58.045,30.9,8.696,5.355,15469.207,10,233.07,8.51,6.434,34.635,60.13,2.705,72.58
OWID_WRL,World,2020-06-10,7188935,125237,122472.857,409301,4853,4379,922.273,16.067,15.712,52.51,0.623,0.562,7794798729,58.045,30.9,8.696,5.355,15469.207,10,233.07,8.51,6.434,34.635,60.13,2.705,72.58
OWID_WRL,World,2020-06-11,7323789,134854,123807.429,414432,5131,4324.286,939.574,17.301,15.883,53.168,0.658,0.555,7794798729,58.045,30.9,8.696,5.355,15469.207,10,233.07,8.51,6.434,34.635,60.13,2.705,72.58
OWID_WRL,World,2020-06-12,7459944,136155,125126.143,419128,4696,4262,957.041,17.467,16.053,53.77,0.602,0.547,7794798729,58.045,30.9,8.696,5.355,15469.207,10,233.07,8.51,6.434,34.635,60.13,2.705,72.58
OWID_WRL,World,2020-06-13,7604570,144626,126759.857,423776,4648,4263.143,975.595,18.554,16.262,54.367,0.596,0.547,7794798729,58.045,30.9,8.696,5.355,15469.207,10,233.07,8.51,6.434,34.635,60.13,2.705,72.58
OWID_WRL,World,2020-06-14,7737982,133412,127819.143,427915,4139,4313.143,992.711,17.116,16.398,54.898,0.531,0.553,7794798729,58.045,30.9,8.696,5.355,15469.207,10,233.07,8.51,6.434,34.635,60.13,2.705,72.58
OWID_WRL,World,2020-06-15,7859178,121196,128728.714,431072,3157,4262.571,1008.259,15.548,16.515,55.303,0.405,0.547,7794798729,58.045,30.9,8.696,5.355,15469.207,10,233.07,8.51,6.434,34.635,60.13,2.705,72.58
OWID_WRL,World,2020-06-16,7977673,118495,130567.857,434450,3378,4286,1023.461,15.202,16.751,55.736,0.433,0.55,7794798729,58.045,30.9,8.696,5.355,15469.207,10,233.07,8.51,6.434,34.635,60.13,2.705,72.58
OWID_WRL,World,2020-06-17,8119149,141476,132887.714,441169,6719,4552.571,1041.611,18.15,17.048,56.598,0.862,0.584,7794798729,58.045,30.9,8.696,5.355,15469.207,10,233.07,8.51,6.434,34.635,60.13,2.705,72.58
OWID_WRL,World,2020-06-18,8296013,176864,138889.143,446269,5100,4548.143,1064.301,22.69,17.818,57.252,0.654,0.583,7794798729,58.045,30.9,8.696,5.355,15469.207,10,233.07,8.51,6.434,34.635,60.13,2.705,72.58
OWID_WRL,World,2020-06-19,8434463,138450,139217,452544,6275,4773.714,1082.063,17.762,17.86,58.057,0.805,0.612,7794798729,58.045,30.9,8.696,5.355,15469.207,10,233.07,8.51,6.434,34.635,60.13,2.705,72.58
OWID_WRL,World,2020-06-20,8614774,180311,144314.857,457575,5031,4828.429,1105.195,23.132,18.514,58.703,0.645,0.619,7794798729,58.045,30.9,8.696,5.355,15469.207,10,233.07,8.51,6.434,34.635,60.13,2.705,72.58
OWID_WRL,World,2020-06-21,8775091,160317,148158.429,461691,4116,4825.143,1125.762,20.567,19.007,59.231,0.528,0.619,7794798729,58.045,30.9,8.696,5.355,15469.207,10,233.07,8.51,6.434,34.635,60.13,2.705,72.58
OWID_WRL,World,2020-06-22,8904289,129198,149301.571,465657,3966,4940.714,1142.337,16.575,19.154,59.739,0.509,0.634,7794798729,58.045,30.9,8.696,5.355,15469.207,10,233.07,8.51,6.434,34.635,60.13,2.705,72.58
OWID_WRL,World,2020-06-23,9038528,134239,151550.714,469053,3396,4943.286,1159.559,17.222,19.443,60.175,0.436,0.634,7794798729,58.045,30.9,8.696,5.355,15469.207,10,233.07,8.51,6.434,34.635,60.13,2.705,72.58
OWID_WRL,World,2020-06-24,9202420,163892,154753,474403,5350,4747.714,1180.585,21.026,19.853,60.861,0.686,0.609,7794798729,58.045,30.9,8.696,5.355,15469.207,10,233.07,8.51,6.434,34.635,60.13,2.705,72.58
OWID_WRL,World,2020-06-25,9377414,174994,154485.857,479618,5215,4764.143,1203.035,22.45,19.819,61.531,0.669,0.611,7794798729,58.045,30.9,8.696,5.355,15469.207,10,233.07,8.51,6.434,34.635,60.13,2.705,72.58
OWID_WRL,World,2020-06-26,9556155,178741,160241.714,486196,6578,4807.429,1225.966,22.931,20.558,62.374,0.844,0.617,7794798729,58.045,30.9,8.696,5.355,15469.207,10,233.07,8.51,6.434,34.635,60.13,2.705,72.58
OWID_WRL,World,2020-06-27,9744827,188672,161436.143,490756,4560,4740.143,1250.17,24.205,20.711,62.959,0.585,0.608,7794798729,58.045,30.9,8.696,5.355,15469.207,10,233.07,8.51,6.434,34.635,60.13,2.705,72.58
OWID_WRL,World,2020-06-28,9926855,182028,164537.714,495347,4591,4808,1273.523,23.352,21.109,63.548,0.589,0.617,7794798729,58.045,30.9,8.696,5.355,15469.207,10,233.07,8.51,6.434,34.635,60.13,2.705,72.58
OWID_WRL,World,2020-06-29,10087058,160203,168967,498416,3069,4679.857,1294.075,20.553,21.677,63.942,0.394,0.6,7794798729,58.045,30.9,8.696,5.355,15469.207,10,233.07,8.51,6.434,34.635,60.13,2.705,72.58
OWID_WRL,World,2020-06-30,10245216,158158,172384,502122,3706,4724.143,1314.366,20.29,22.115,64.418,0.475,0.606,7794798729,58.045,30.9,8.696,5.355,15469.207,10,233.07,8.51,6.434,34.635,60.13,2.705,72.58
OWID_WRL,World,2020-07-01,10437301,192085,176411.571,507746,5624,4763.286,1339.008,24.643,22.632,65.139,0.722,0.611,7794798729,58.045,30.9,8.696,5.355,15469.207,10,233.07,8.51,6.434,34.635,60.13,2.705,72.58
OWID_WRL,World,2020-07-02,10637677,200376,180037.571,512587,4841,4709.857,1364.715,25.706,23.097,65.76,0.621,0.604,7794798729,58.045,30.9,8.696,5.355,15469.207,10,233.07,8.51,6.434,34.635,60.13,2.705,72.58
OWID_WRL,World,2020-07-03,10846302,208625,184306.714,517664,5077,4495.429,1391.479,26.765,23.645,66.411,0.651,0.577,7794798729,58.045,30.9,8.696,5.355,15469.207,10,233.07,8.51,6.434,34.635,60.13,2.705,72.58
OWID_WRL,World,2020-07-04,11051826,205524,186714.143,522676,5012,4560,1417.846,26.367,23.954,67.054,0.643,0.585,7794798729,58.045,30.9,8.696,5.355,15469.207,10,233.07,8.51,6.434,34.635,60.13,2.705,72.58
OWID_WRL,World,2020-07-05,11242890,191064,188005,527015,4339,4524,1442.358,24.512,24.119,67.611,0.557,0.58,7794798729,58.045,30.9,8.696,5.355,15469.207,10,233.07,8.51,6.434,34.635,60.13,2.705,72.58
OWID_WRL,World,2020-07-06,11421169,178279,190587.286,530393,3378,4568.143,1465.229,22.872,24.451,68.044,0.433,0.586,7794798729,58.045,30.9,8.696,5.355,15469.207,10,233.07,8.51,6.434,34.635,60.13,2.705,72.58
OWID_WRL,World,2020-07-07,11595448,174279,192890.286,534235,3842,4587.571,1487.588,22.358,24.746,68.537,0.493,0.589,7794798729,58.045,30.9,8.696,5.355,15469.207,10,233.07,8.51,6.434,34.635,60.13,2.705,72.58
OWID_WRL,World,2020-07-08,11802390,206942,195012.714,540231,5996,4640.714,1514.137,26.549,25.018,69.307,0.769,0.595,7794798729,58.045,30.9,8.696,5.355,15469.207,10,233.07,8.51,6.434,34.635,60.13,2.705,72.58
OWID_WRL,World,2020-07-09,12017896,215506,197174.143,545508,5277,4703,1541.784,27.647,25.296,69.984,0.677,0.603,7794798729,58.045,30.9,8.696,5.355,15469.207,10,233.07,8.51,6.434,34.635,60.13,2.705,72.58
OWID_WRL,World,2020-07-10,12243043,225147,199534.429,550891,5383,4746.714,1570.668,28.884,25.598,70.674,0.691,0.609,7794798729,58.045,30.9,8.696,5.355,15469.207,10,233.07,8.51,6.434,34.635,60.13,2.705,72.58
OWID_WRL,World,2020-07-11,12474504,231461,203239.714,556168,5277,4784.571,1600.363,29.694,26.074,71.351,0.677,0.614,7794798729,58.045,30.9,8.696,5.355,15469.207,10,233.07,8.51,6.434,34.635,60.13,2.705,72.58
OWID_WRL,World,2020-07-12,12692498,217994,207086.857,560961,4793,4849.429,1628.329,27.967,26.567,71.966,0.615,0.622,7794798729,58.045,30.9,8.696,5.355,15469.207,10,233.07,8.51,6.434,34.635,60.13,2.705,72.58
OWID_WRL,World,2020-07-13,12887997,195499,209546.857,564851,3890,4922.571,1653.41,25.081,26.883,72.465,0.499,0.632,7794798729,58.045,30.9,8.696,5.355,15469.207,10,233.07,8.51,6.434,34.635,60.13,2.705,72.58
OWID_WRL,World,2020-07-14,13076443,188446,211570.714,568692,3841,4922.429,1677.586,24.176,27.143,72.958,0.493,0.632,7794798729,58.045,30.9,8.696,5.355,15469.207,10,233.07,8.51,6.434,34.635,60.13,2.705,72.58
OWID_WRL,World,2020-07-15,13300136,223693,213963.714,574270,5578,4862.714,1706.283,28.698,27.45,73.673,0.716,0.624,7794798729,58.045,30.9,8.696,5.355,15469.207,10,233.07,8.51,6.434,34.635,60.13,2.705,72.58
OWID_WRL,World,2020-07-16,13531835,231699,216277,579771,5501,4894.714,1736.008,29.725,27.746,74.379,0.706,0.628,7794798729,58.045,30.9,8.696,5.355,15469.207,10,233.07,8.51,6.434,34.635,60.13,2.705,72.58
OWID_WRL,World,2020-07-17,13786213,254378,220452.857,585516,5745,4946.429,1768.643,32.634,28.282,75.116,0.737,0.635,7794798729,58.045,30.9,8.696,5.355,15469.207,10,233.07,8.51,6.434,34.635,60.13,2.705,72.58
OWID_WRL,World,2020-07-18,14040640,254427,223733.714,592873,7357,5243.571,1801.283,32.641,28.703,76.06,0.944,0.673,7794798729,58.045,30.9,8.696,5.355,15469.207,10,233.07,8.51,6.434,34.635,60.13,2.705,72.58
OWID_WRL,World,2020-07-19,14270806,230166,225472.571,597822,4949,5265.857,1830.811,29.528,28.926,76.695,0.635,0.676,7794798729,58.045,30.9,8.696,5.355,15469.207,10,233.07,8.51,6.434,34.635,60.13,2.705,72.58
OWID_WRL,World,2020-07-20,14480247,209441,227464.286,601663,3841,5258.857,1857.681,26.869,29.182,77.188,0.493,0.675,7794798729,58.045,30.9,8.696,5.355,15469.207,10,233.07,8.51,6.434,34.635,60.13,2.705,72.58
OWID_WRL,World,2020-07-21,14681011,200764,229224,605756,4093,5294.857,1883.437,25.756,29.407,77.713,0.525,0.679,7794798729,58.045,30.9,8.696,5.355,15469.207,10,233.07,8.51,6.434,34.635,60.13,2.705,72.58
OWID_WRL,World,2020-07-22,14920796,239785,231522.857,611879,6123,5372.714,1914.199,30.762,29.702,78.498,0.786,0.689,7794798729,58.045,30.9,8.696,5.355,15469.207,10,233.07,8.51,6.434,34.635,60.13,2.705,72.58
OWID_WRL,World,2020-07-23,15202429,281633,238656.286,618756,6877,5569.286,1950.33,36.131,30.617,79.381,0.882,0.714,7794798729,58.045,30.9,8.696,5.355,15469.207,10,233.07,8.51,6.434,34.635,60.13,2.705,72.58
OWID_WRL,World,2020-07-24,15478720,276291,241786.714,628535,9779,6145.571,1985.775,35.446,31.019,80.635,1.255,0.788,7794798729,58.045,30.9,8.696,5.355,15469.207,10,233.07,8.51,6.434,34.635,60.13,2.705,72.58
OWID_WRL,World,2020-07-25,15762631,283911,245998.714,634791,6256,5988.286,2022.199,36.423,31.559,81.438,0.803,0.768,7794798729,58.045,30.9,8.696,5.355,15469.207,10,233.07,8.51,6.434,34.635,60.13,2.705,72.58
OWID_WRL,World,2020-07-26,16022259,259628,250207.571,640524,5733,6100.286,2055.506,33.308,32.099,82.173,0.735,0.783,7794798729,58.045,30.9,8.696,5.355,15469.207,10,233.07,8.51,6.434,34.635,60.13,2.705,72.58
OWID_WRL,World,2020-07-27,16254117,231858,253410,644487,3963,6117.714,2085.252,29.745,32.51,82.682,0.508,0.785,7794798729,58.045,30.9,8.696,5.355,15469.207,10,233.07,8.51,6.434,34.635,60.13,2.705,72.58
OWID_WRL,World,2020-07-28,16466024,211907,255001.857,649143,4656,6198.143,2112.437,27.186,32.714,83.279,0.597,0.795,7794798729,58.045,30.9,8.696,5.355,15469.207,10,233.07,8.51,6.434,34.635,60.13,2.705,72.58
OWID_WRL,World,2020-07-29,16709826,243802,255575.714,655305,6162,6203.714,2143.715,31.278,32.788,84.07,0.791,0.796,7794798729,58.045,30.9,8.696,5.355,15469.207,10,233.07,8.51,6.434,34.635,60.13,2.705,72.58
OWID_WRL,World,2020-07-30,17007937,298111,257929.714,661947,6642,6170.143,2181.96,38.245,33.09,84.922,0.852,0.792,7794798729,58.045,30.9,8.696,5.355,15469.207,10,233.07,8.51,6.434,34.635,60.13,2.705,72.58
OWID_WRL,World,2020-07-31,17298368,290431,259949.714,668330,6383,5685,2219.219,37.26,33.349,85.741,0.819,0.729,7794798729,58.045,30.9,8.696,5.355,15469.207,10,233.07,8.51,6.434,34.635,60.13,2.705,72.58
OWID_WRL,World,2020-08-01,17577430,279062,259257,674453,6123,5666,2255.02,35.801,33.26,86.526,0.786,0.727,7794798729,58.045,30.9,8.696,5.355,15469.207,10,233.07,8.51,6.434,34.635,60.13,2.705,72.58
OWID_WRL,World,2020-08-02,17845287,267857,260432.571,680212,5759,5669.714,2289.384,34.364,33.411,87.265,0.739,0.727,7794798729,58.045,30.9,8.696,5.355,15469.207,10,233.07,8.51,6.434,34.635,60.13,2.705,72.58
OWID_WRL,World,2020-08-03,18068579,223292,259208.857,684445,4233,5708.286,2318.03,28.646,33.254,87.808,0.543,0.732,7794798729,58.045,30.9,8.696,5.355,15469.207,10,233.07,8.51,6.434,34.635,60.13,2.705,72.58
OWID_WRL,World,2020-08-04,18273236,204657,258173.143,688671,4226,5646.857,2344.286,26.256,33.121,88.35,0.542,0.724,7794798729,58.045,30.9,8.696,5.355,15469.207,10,233.07,8.51,6.434,34.635,60.13,2.705,72.58
OWID_WRL,World,2020-08-05,18528908,255672,259868.857,695401,6730,5728,2377.086,32.8,33.339,89.213,0.863,0.735,7794798729,58.045,30.9,8.696,5.355,15469.207,10,233.07,8.51,6.434,34.635,60.13,2.705,72.58
OWID_WRL,World,2020-08-06,18806512,277604,256939.286,702501,7100,5793.429,2412.7,35.614,32.963,90.124,0.911,0.743,7794798729,58.045,30.9,8.696,5.355,15469.207,10,233.07,8.51,6.434,34.635,60.13,2.705,72.58
OWID_WRL,World,2020-08-07,19092437,285925,256295.571,709396,6895,5866.571,2449.382,36.682,32.88,91.009,0.885,0.753,7794798729,58.045,30.9,8.696,5.355,15469.207,10,233.07,8.51,6.434,34.635,60.13,2.705,72.58
OWID_WRL,World,2020-08-08,19368340,275903,255844.286,715864,6468,5915.857,2484.777,35.396,32.822,91.839,0.83,0.759,7794798729,58.045,30.9,8.696,5.355,15469.207,10,233.07,8.51,6.434,34.635,60.13,2.705,72.58
OWID_WRL,World,2020-08-09,19637058,268718,255967.286,721498,5634,5898,2519.251,34.474,32.838,92.561,0.723,0.757,7794798729,58.045,30.9,8.696,5.355,15469.207,10,233.07,8.51,6.434,34.635,60.13,2.705,72.58
OWID_WRL,World,2020-08-10,19866472,229414,256841.857,726322,4824,5982.429,2548.683,29.432,32.95,93.18,0.619,0.767,7794798729,58.045,30.9,8.696,5.355,15469.207,10,233.07,8.51,6.434,34.635,60.13,2.705,72.58
OWID_WRL,World,2020-08-11,20086238,219766,259000.286,731139,4817,6066.857,2576.877,28.194,33.227,93.798,0.618,0.778,7794798729,58.045,30.9,8.696,5.355,15469.207,10,233.07,8.51,6.434,34.635,60.13,2.705,72.58
OWID_WRL,World,2020-08-12,20347705,261467,259828.143,737276,6137,5982.143,2610.421,33.544,33.334,94.586,0.787,0.767,7794798729,58.045,30.9,8.696,5.355,15469.207,10,233.07,8.51,6.434,34.635,60.13,2.705,72.58
OWID_WRL,World,2020-08-13,20637053,289348,261505.857,744176,6900,5953.571,2647.541,37.121,33.549,95.471,0.885,0.764,7794798729,58.045,30.9,8.696,5.355,15469.207,10,233.07,8.51,6.434,34.635,60.13,2.705,72.58
OWID_WRL,World,2020-08-14,20923723,286670,261612.286,754086,9910,6384.286,2684.319,36.777,33.562,96.742,1.271,0.819,7794798729,58.045,30.9,8.696,5.355,15469.207,10,233.07,8.51,6.434,34.635,60.13,2.705,72.58
OWID_WRL,World,2020-08-15,21212641,288918,263471.571,760327,6241,6351.857,2721.384,37.065,33.801,97.543,0.801,0.815,7794798729,58.045,30.9,8.696,5.355,15469.207,10,233.07,8.51,6.434,34.635,60.13,2.705,72.58
OWID_WRL,World,2020-08-16,21472274,259633,262173.714,765984,5657,6355.143,2754.693,33.308,33.634,98.269,0.726,0.815,7794798729,58.045,30.9,8.696,5.355,15469.207,10,233.07,8.51,6.434,34.635,60.13,2.705,72.58
OWID_WRL,World,2020-08-17,21704635,232361,262594.714,770217,4233,6270.714,2784.502,29.81,33.688,98.812,0.543,0.804,7794798729,58.045,30.9,8.696,5.355,15469.207,10,233.07,8.51,6.434,34.635,60.13,2.705,72.58
OWID_WRL,World,2020-08-18,21901181,196546,259277.571,774487,4270,6192.571,2809.717,25.215,33.263,99.359,0.548,0.794,7794798729,58.045,30.9,8.696,5.355,15469.207,10,233.07,8.51,6.434,34.635,60.13,2.705,72.58
OWID_WRL,World,2020-08-19,22156205,255024,258357.143,781178,6691,6271.714,2842.435,32.717,33.145,100.218,0.858,0.805,7794798729,58.045,30.9,8.696,5.355,15469.207,10,233.07,8.51,6.434,34.635,60.13,2.705,72.58
OWID_WRL,World,2020-08-20,22437723,281518,257238.571,787724,6546,6221.143,2878.551,36.116,33.001,101.058,0.84,0.798,7794798729,58.045,30.9,8.696,5.355,15469.207,10,233.07,8.51,6.434,34.635,60.13,2.705,72.58
OWID_WRL,World,2020-08-21,22714041,276318,255759.714,794077,6353,5713,2914,35.449,32.812,101.873,0.815,0.733,7794798729,58.045,30.9,8.696,5.355,15469.207,10,233.07,8.51,6.434,34.635,60.13,2.705,72.58
OWID_WRL,World,2020-08-22,22967272,253231,250661.571,799946,5869,5659.857,2946.487,32.487,32.158,102.626,0.753,0.726,7794798729,58.045,30.9,8.696,5.355,15469.207,10,233.07,8.51,6.434,34.635,60.13,2.705,72.58
OWID_WRL,World,2020-08-23,23234002,266730,251675.429,805589,5643,5657.857,2980.706,34.219,32.288,103.35,0.724,0.726,7794798729,58.045,30.9,8.696,5.355,15469.207,10,233.07,8.51,6.434,34.635,60.13,2.705,72.58
OWID_WRL,World,2020-08-24,23458350,224348,250530.714,808899,3310,5526,3009.488,28.782,32.141,103.774,0.425,0.709,7794798729,58.045,30.9,8.696,5.355,15469.207,10,233.07,8.51,6.434,34.635,60.13,2.705,72.58
OWID_WRL,World,2020-08-25,23669808,211458,252661,813176,4277,5527,3036.616,27.128,32.414,104.323,0.549,0.709,7794798729,58.045,30.9,8.696,5.355,15469.207,10,233.07,8.51,6.434,34.635,60.13,2.705,72.58
OWID_WRL,World,2020-08-26,23924881,255073,252668,819654,6478,5496.571,3069.339,32.723,32.415,105.154,0.831,0.705,7794798729,58.045,30.9,8.696,5.355,15469.207,10,233.07,8.51,6.434,34.635,60.13,2.705,72.58
OWID_WRL,World,2020-08-27,24201556,276675,251976.143,825948,6294,5460.571,3104.834,35.495,32.326,105.961,0.807,0.701,7794798729,58.045,30.9,8.696,5.355,15469.207,10,233.07,8.51,6.434,34.635,60.13,2.705,72.58
OWID_WRL,World,2020-08-28,24484966,283410,252989.286,832030,6082,5421.857,3141.193,36.359,32.456,106.742,0.78,0.696,7794798729,58.045,30.9,8.696,5.355,15469.207,10,233.07,8.51,6.434,34.635,60.13,2.705,72.58
OWID_WRL,World,2020-08-29,24761565,276599,256327.571,837487,5457,5363,3176.678,35.485,32.884,107.442,0.7,0.688,7794798729,58.045,30.9,8.696,5.355,15469.207,10,233.07,8.51,6.434,34.635,60.13,2.705,72.58
OWID_WRL,World,2020-08-30,25030576,269011,256653.429,843184,5697,5370.714,3211.19,34.512,32.926,108.173,0.731,0.689,7794798729,58.045,30.9,8.696,5.355,15469.207,10,233.07,8.51,6.434,34.635,60.13,2.705,72.58
OWID_WRL,World,2020-08-31,25275800,245224,259635.714,846957,3773,5436.857,3242.649,31.46,33.309,108.657,0.484,0.697,7794798729,58.045,30.9,8.696,5.355,15469.207,10,233.07,8.51,6.434,34.635,60.13,2.705,72.58
OWID_WRL,World,2020-09-01,25518306,242506,264071.143,851010,4053,5404.857,3273.761,31.111,33.878,109.177,0.52,0.693,7794798729,58.045,30.9,8.696,5.355,15469.207,10,233.07,8.51,6.434,34.635,60.13,2.705,72.58
OWID_WRL,World,2020-09-02,25786856,268550,265996.429,857522,6512,5409.714,3308.213,34.452,34.125,110.012,0.835,0.694,7794798729,58.045,30.9,8.696,5.355,15469.207,10,233.07,8.51,6.434,34.635,60.13,2.705,72.58
OWID_WRL,World,2020-09-03,26069996,283140,266920,863601,6079,5379,3344.537,36.324,34.243,110.792,0.78,0.69,7794798729,58.045,30.9,8.696,5.355,15469.207,10,233.07,8.51,6.434,34.635,60.13,2.705,72.58
OWID_WRL,World,2020-09-04,26348850,278854,266269.143,869393,5792,5337.571,3380.312,35.774,34.16,111.535,0.743,0.685,7794798729,58.045,30.9,8.696,5.355,15469.207,10,233.07,8.51,6.434,34.635,60.13,2.705,72.58
OWID_WRL,World,2020-09-05,26642307,293457,268677.429,874978,5585,5355.857,3417.96,37.648,34.469,112.252,0.717,0.687,7794798729,58.045,30.9,8.696,5.355,15469.207,10,233.07,8.51,6.434,34.635,60.13,2.705,72.58
OWID_WRL,World,2020-09-06,26922032,279725,270208,880341,5363,5308.143,3453.846,35.886,34.665,112.94,0.688,0.681,7794798729,58.045,30.9,8.696,5.355,15469.207,10,233.07,8.51,6.434,34.635,60.13,2.705,72.58
OWID_WRL,World,2020-09-07,27170665,248633,270695,889374,9033,6059.571,3485.743,31.897,34.728,114.098,1.159,0.777,7794798729,58.045,30.9,8.696,5.355,15469.207,10,233.07,8.51,6.434,34.635,60.13,2.705,72.58
OWID_WRL,World,2020-09-08,27377046,206381,265534.286,893195,3821,6026.429,3512.22,26.477,34.066,114.589,0.49,0.773,7794798729,58.045,30.9,8.696,5.355,15469.207,10,233.07,8.51,6.434,34.635,60.13,2.705,72.58
OWID_WRL,World,2020-09-09,27621693,244647,262119.571,898159,4964,5805.286,3543.606,31.386,33.627,115.225,0.637,0.745,7794798729,58.045,30.9,8.696,5.355,15469.207,10,233.07,8.51,6.434,34.635,60.13,2.705,72.58
OWID_WRL,World,2020-09-10,27904423,282730,262061,904090,5931,5784.143,3579.877,36.272,33.62,115.986,0.761,0.742,7794798729,58.045,30.9,8.696,5.355,15469.207,10,233.07,8.51,6.434,34.635,60.13,2.705,72.58
OWID_WRL,World,2020-09-11,28214710,310287,266551.429,910143,6053,5821.429,3619.684,39.807,34.196,116.763,0.777,0.747,7794798729,58.045,30.9,8.696,5.355,15469.207,10,233.07,8.51,6.434,34.635,60.13,2.705,72.58
OWID_WRL,World,2020-09-12,28520036,305326,268247,916029,5886,5864.429,3658.855,39.17,34.414,117.518,0.755,0.752,7794798729,58.045,30.9,8.696,5.355,15469.207,10,233.07,8.51,6.434,34.635,60.13,2.705,72.58
OWID_WRL,World,2020-09-13,28807131,287095,269299.857,920957,4928,5802.286,3695.686,36.832,34.549,118.15,0.632,0.744,7794798729,58.045,30.9,8.696,5.355,15469.207,10,233.07,8.51,6.434,34.635,60.13,2.705,72.58
OWID_WRL,World,2020-09-14,29079725,272594,272722.857,924835,3878,5065.857,3730.658,34.971,34.988,118.648,0.498,0.65,7794798729,58.045,30.9,8.696,5.355,15469.207,10,233.07,8.51,6.434,34.635,60.13,2.705,72.58
OWID_WRL,World,2020-09-15,29322588,242863,277934.571,929070,4235,5125,3761.815,31.157,35.656,119.191,0.543,0.657,7794798729,58.045,30.9,8.696,5.355,15469.207,10,233.07,8.51,6.434,34.635,60.13,2.705,72.58
OWID_WRL,World,2020-09-16,29626570,303982,286411,936025,6955,5409.429,3800.813,38.998,36.744,120.083,0.892,0.694,7794798729,58.045,30.9,8.696,5.355,15469.207,10,233.07,8.51,6.434,34.635,60.13,2.705,72.58
OWID_WRL,World,2020-09-17,29917712,291142,287612.714,941460,5435,5338.571,3838.164,37.351,36.898,120.781,0.697,0.685,7794798729,58.045,30.9,8.696,5.355,15469.207,10,233.07,8.51,6.434,34.635,60.13,2.705,72.58
OWID_WRL,World,2020-09-18,30231370,313658,288094.286,946777,5317,5233.429,3878.403,40.239,36.96,121.463,0.682,0.671,7794798729,58.045,30.9,8.696,5.355,15469.207,10,233.07,8.51,6.434,34.635,60.13,2.705,72.58
OWID_WRL,World,2020-09-19,30540446,309076,288630,952724,5947,5242.143,3918.054,39.652,37.029,122.226,0.763,0.673,7794798729,58.045,30.9,8.696,5.355,15469.207,10,233.07,8.51,6.434,34.635,60.13,2.705,72.58